{
  "product_sales": {
    "labels": [
      "Amarilla",
      "Carretera",
      "Montana",
      "Paseo",
      "VTT",
      "Velo"
    ],
    "sales": [
      17747116.06,
      13815307.885,
      15390801.88,
      33011143.95,
      20511921.02,
      18250059.465
    ],
    "profits": [
      2814104.06,
      1826804.885,
      2114754.88,
      4797437.95,
      3034608.02,
      2305992.465
    ],
    "profit_margins": [
      15.856683702782975,
      13.22304866606308,
      13.740381407599536,
      14.532783102780055,
      14.794362834378738,
      12.635533979614898
    ]
  },
  "country_sales": {
    "labels": [
      "United States of America",
      "Canada",
      "France",
      "Germany",
      "Mexico"
    ],
    "sales": [
      25029830.165,
      24887654.885,
      24354172.28,
      23505340.82,
      20949352.11
    ],
    "profit_margins": [
      11.96788250360867,
      14.18064056781459,
      15.52514590325465,
      15.657670519154804,
      13.878821143170905
    ]
  },
  "segment_sales": {
    "labels": [
      "Government",
      "Small Business",
      "Enterprise",
      "Midmarket",
      "Channel Partners"
    ],
    "sales": [
      52504260.67,
      42427918.5,
      19611694.375,
      2381883.075,
      1800593.64
    ],
    "profits": [
      11388173.17,
      4143168.5,
      -614545.625,
      660103.075,
      1316803.14
    ]
  },
  "monthly_trend": {
    "labels": [
      "September 2013",
      "October 2013",
      "November 2013",
      "December 2013",
      "January 2014",
      "February 2014",
      "March 2014",
      "April 2014",
      "May 2014",
      "June 2014",
      "July 2014",
      "August 2014",
      "September 2014",
      "October 2014",
      "November 2014",
      "December 2014"
    ],
    "sales": [
      4484000.03,
      9295611.1,
      7267203.3,
      5368441.08,
      6607761.68,
      7297531.39,
      5586859.87,
      6964775.07,
      6210211.06,
      9518893.82,
      8102920.18,
      5864622.42,
      6398697.24,
      12375819.92,
      5384214.2,
      11998787.9
    ],
    "profits": [
      763603.03,
      1657795.1,
      765502.3,
      691564.08,
      814028.6799999999,
      1148547.39,
      669866.87,
      929984.57,
      828640.0599999999,
      1473753.82,
      923865.6799999999,
      791066.4199999999,
      1023132.24,
      1781985.92,
      604600.2,
      2025765.9
    ]
  },
  "discount_analysis": {
    "labels": [
      "High",
      "Low",
      "Medium"
    ],
    "sales": [
      37372486.725,
      34629778.7,
      38780430.835
    ],
    "profit_margins": [
      9.067811703129316,
      17.871490758328175,
      14.387469955502366
    ],
    "avg_discount_rates": [
      14.227113957186107,
      2.557555471759339,
      7.742426013199808
    ]
  },
  "price_analysis": {
    "labels": [
      "$7",
      "$12",
      "$15",
      "$20",
      "$125",
      "$300",
      "$350"
    ],
    "units_sold": [
      167304.5,
      161263.5,
      172178.0,
      154385.5,
      168552.0,
      153139.0,
      148983.5
    ],
    "sales": [
      1085521.92,
      1800593.64,
      2381883.075,
      2853720.5,
      19611694.375,
      42427918.5,
      48565018.25
    ]
  }
}